<?xml version="1.0" encoding="UTF-8"?>
<project-private xmlns="http://www.netbeans.org/ns/project-private/1">
    <editor-bookmarks xmlns="http://www.netbeans.org/ns/editor-bookmarks/2" lastBookmarkId="0"/>
    <open-files xmlns="http://www.netbeans.org/ns/projectui-open-files/2">
        <group>
            <file>file:/D:/UPN/Ciclo%205/Tecnicas%20de%20Programacion%20Orientada%20a%20Objetos%2012289/Semana%206/Ejercicios/src/EjercicioErrores.java</file>
            <file>file:/D:/UPN/Ciclo%205/Tecnicas%20de%20Programacion%20Orientada%20a%20Objetos%2012289/Semana%206/Ejercicios/src/EjercicioSobrecarga.java</file>
            <file>file:/D:/UPN/Ciclo%205/Tecnicas%20de%20Programacion%20Orientada%20a%20Objetos%2012289/Semana%206/Ejercicios/src/EjercicioColecciones.java</file>
        </group>
    </open-files>
</project-private>
